date,consumption
2018-01-01,103.31111375
2018-01-02,138.79558304166667
2018-01-03,123.858912
2018-01-04,133.034709
2018-01-05,162.7778000416667
2018-01-06,160.85141233333334
2018-01-07,152.346251375
2018-01-08,185.2089085
2018-01-09,182.02566233333332
2018-01-10,159.0891059583333
2018-01-11,156.31149054166667
2018-01-12,152.84540295833332
2018-01-13,125.62629979166668
2018-01-14,110.91021729166664
2018-01-15,142.56981575
2018-01-16,125.416088
2018-01-17,151.29787729166665
2018-01-18,152.62542075000002
2018-01-19,143.56271095833333
2018-01-20,119.429644625
2018-01-21,106.05186633333334
2018-01-22,137.66452683333333
2018-01-23,140.951982125
2018-01-24,137.14283833333334
2018-01-25,137.67189066666666
2018-01-26,133.11655570833332
2018-01-27,120.758016125
2018-01-28,111.52250004166666
2018-01-29,143.69718141666667
2018-01-30,135.285586625
2018-01-31,137.90542808333333
2018-02-01,138.34650370833333
2018-02-02,124.159733125
2018-02-03,90.88151495833334
2018-02-04,77.14483120833333
2018-02-05,112.48468554166668
2018-02-06,111.81658679166668
2018-02-07,119.72041554166668
2018-02-08,122.72068816666666
2018-02-09,120.03284266666668
2018-02-10,103.01365433333332
2018-02-11,101.02518279166668
2018-02-12,132.720546125
2018-02-13,131.82737729166666
2018-02-14,121.38992154166664
2018-02-15,122.06283154166668
2018-02-16,128.895496375
2018-02-17,98.22103266666666
2018-02-18,90.15669795833333
2018-02-19,122.11434675
2018-02-20,128.9867475
2018-02-21,137.48685508333332
2018-02-22,133.004621375
2018-02-23,122.880874375
2018-02-24,114.40840770833334
2018-02-25,105.12655
2018-02-26,136.59517883333334
2018-02-27,122.79765504166666
2018-02-28,130.5100235
2018-03-01,142.52852895833334
2018-03-02,151.56830933333333
2018-03-03,126.12062316666668
2018-03-04,95.59953595833332
2018-03-05,146.0883404583333
2018-03-06,153.4181855
2018-03-07,143.1866809166667
2018-03-08,137.03862358333333
2018-03-09,141.99230829166666
2018-03-10,117.177834
2018-03-11,114.51987520833336
2018-03-12,154.96087708333334
2018-03-13,162.35203266666664
2018-03-14,151.8409735
2018-03-15,168.74480379166667
2018-03-16,165.14368991666666
2018-03-17,139.26681070833334
2018-03-18,133.6128065
2018-03-19,167.64988991666667
2018-03-20,174.71489454166667
2018-03-21,175.03034691666667
2018-03-22,165.30342583333334
2018-03-23,164.08240429166668
2018-03-24,150.60596320833335
2018-03-25,141.283530625
2018-03-26,170.25156512499998
2018-03-27,182.17038129166667
2018-03-28,173.3889547916667
2018-03-29,157.84565154166668
2018-03-30,122.74754645833332
2018-03-31,128.66003245833335
2018-04-01,127.64238166666668
2018-04-02,119.68918045833334
2018-04-03,102.29388983333332
2018-04-04,168.35341808333334
2018-04-05,168.60891645833334
2018-04-06,168.02160104166668
2018-04-07,145.50462708333333
2018-04-08,141.05921991666665
2018-04-09,168.74175895833335
2018-04-10,168.267434625
2018-04-11,166.28190279166668
2018-04-12,170.6112195652174
2018-04-13,190.289082
2018-04-14,151.51334675
2018-04-15,142.36618933333332
2018-04-16,180.97335741666663
2018-04-17,185.93129066666663
2018-04-18,185.26481216666664
2018-04-19,181.03610633333332
2018-04-20,181.25099820833336
2018-04-21,154.63155754166667
2018-04-22,122.948163625
2018-04-23,180.898570875
2018-04-24,176.09468037500002
2018-04-25,179.6095241666667
2018-04-26,175.18626270833332
2018-04-27,178.0038805
2018-04-28,163.35087441666667
2018-04-29,138.93410729166666
2018-04-30,167.21727733333333
2018-05-01,143.72596654166668
2018-05-02,175.22360154166665
2018-05-03,183.3373659583333
2018-05-04,188.1910997916667
2018-05-05,161.78586433333334
2018-05-06,155.63411254166667
2018-05-07,181.9615044583333
2018-05-08,184.5682905
2018-05-09,189.76986466666668
2018-05-10,182.18372691666664
2018-05-11,187.33593975
2018-05-12,163.17419437499998
2018-05-13,126.346211625
2018-05-14,191.650027125
2018-05-15,201.061329625
2018-05-16,199.08978275
2018-05-17,184.31563925
2018-05-18,190.02968825
2018-05-19,169.84300016666666
2018-05-20,154.96961762499998
2018-05-21,150.92955079166666
2018-05-22,185.74105866666665
2018-05-23,187.65470866666664
2018-05-24,186.700872375
2018-05-25,183.126431625
2018-05-26,156.20313241666668
2018-05-27,156.49906358333334
2018-05-28,198.10266004166667
2018-05-29,208.41772733333332
2018-05-30,210.04617525
2018-05-31,211.46881700000003
2018-06-01,222.36789975
2018-06-02,188.2434432916667
2018-06-03,176.56220162500003
2018-06-04,228.6082974583333
2018-06-05,232.610279625
2018-06-06,210.05193179166668
2018-06-07,201.5860631666667
2018-06-08,188.49128441666667
2018-06-09,176.49634004166668
2018-06-10,180.48729554166667
2018-06-11,222.29945941666665
2018-06-12,235.555316125
2018-06-13,232.33540654166663
2018-06-14,222.8635522083333
2018-06-15,210.37967304166668
2018-06-16,174.257756125
2018-06-17,149.57851445833333
2018-06-18,178.31490304166667
2018-06-19,189.56658254166663
2018-06-20,194.49313895833333
2018-06-21,202.867825625
2018-06-22,201.891077
2018-06-23,186.5454015
2018-06-24,171.63911366666665
2018-06-25,206.6467639583333
2018-06-26,207.51682420833333
2018-06-27,208.60643341666665
2018-06-28,226.94133983333333
2018-06-29,228.20968254166667
2018-06-30,220.362706875
2018-07-01,206.33087270833332
2018-07-02,211.77914816666663
2018-07-03,235.672618625
2018-07-04,248.46401054166665
2018-07-05,249.84202041666663
2018-07-06,234.38248633333333
2018-07-07,208.098451375
2018-07-08,193.659638375
2018-07-09,219.74397425
2018-07-10,242.69563829166668
2018-07-11,231.309965375
2018-07-12,226.10757558333333
2018-07-13,210.2883002083333
2018-07-14,180.08765766666667
2018-07-15,171.412571
2018-07-16,191.8273118333333
2018-07-17,228.0926435
2018-07-18,227.88031045833333
2018-07-19,229.218041375
2018-07-20,230.0668533333333
2018-07-21,209.6650777083333
2018-07-22,196.1944310833333
2018-07-23,233.58453941666667
2018-07-24,223.2420859583333
2018-07-25,210.2388075
2018-07-26,209.05525004166668
2018-07-27,226.78100704166664
2018-07-28,180.946066375
2018-07-29,162.38522920833333
2018-07-30,223.18961883333336
2018-07-31,226.793485875
2018-08-01,231.915585625
2018-08-02,250.54964975
2018-08-03,238.43817054166664
2018-08-04,203.311883375
2018-08-05,191.22168679166668
2018-08-06,228.74415304166664
2018-08-07,212.01896245833333
2018-08-08,211.74878104166663
2018-08-09,205.12347583333332
2018-08-10,201.43110195833333
2018-08-11,171.70373416666666
2018-08-12,154.0546071304348
2018-08-13,192.96372666666664
2018-08-14,194.345654625
2018-08-15,167.73327154166665
2018-08-16,187.159487625
2018-08-17,186.51377166666668
2018-08-18,175.96802025
2018-08-19,161.49323720833334
2018-08-20,197.37764966666668
2018-08-21,201.3698709583333
2018-08-22,214.24126433333333
2018-08-23,226.36032425
2018-08-24,215.7662562083333
2018-08-25,178.86870929166665
2018-08-26,166.21174025
2018-08-27,180.7276065833333
2018-08-28,187.22985541666665
2018-08-29,183.33185308333336
2018-08-30,188.9461949583333
2018-08-31,193.9300414583333
2018-09-01,155.378004625
2018-09-02,149.48938208333334
2018-09-03,171.5008474583333
2018-09-04,168.216362375
2018-09-05,171.34926945833334
2018-09-06,94.91461883333334
2018-09-07,173.5236304166667
2018-09-08,148.11332841666666
2018-09-09,143.87126279166668
2018-09-10,171.35850100000002
2018-09-11,167.07120108333334
2018-09-12,167.85060866666666
2018-09-13,171.90112862499998
2018-09-14,183.81486979166667
2018-09-15,168.90191366666667
2018-09-16,137.430022875
2018-09-17,142.99911504166667
2018-09-18,145.86718533333334
2018-09-19,151.4199285
2018-09-20,182.3383320416667
2018-09-21,185.45865204166668
2018-09-22,170.223943875
2018-09-23,171.47890362500002
2018-09-24,195.978703625
2018-09-25,211.254659375
2018-09-26,213.04615758333333
2018-09-27,206.72756125
2018-09-28,204.3355742916667
2018-09-29,174.6727084166667
2018-09-30,169.99751420833334
2018-10-01,191.5525434583333
2018-10-02,193.30195458333333
2018-10-03,189.98413391666668
2018-10-04,200.11940504166668
2018-10-05,195.01280579166664
2018-10-06,172.0701725
2018-10-07,157.22383375
2018-10-08,189.30511916666669
2018-10-09,196.5917550416667
2018-10-10,200.18100304166668
2018-10-11,194.798991
2018-10-12,190.54224341666668
2018-10-13,186.07193691666663
2018-10-14,182.943116375
2018-10-15,174.55236504166666
2018-10-16,217.78713870833332
2018-10-17,214.50611029166663
2018-10-18,205.57981404166665
2018-10-19,200.80163975
2018-10-20,189.82675029166668
2018-10-21,172.14539416666665
2018-10-22,200.2616720833333
2018-10-23,203.098780875
2018-10-24,193.60617783333336
2018-10-25,192.17852875000003
2018-10-26,192.68183495833333
2018-10-27,175.57959741666664
2018-10-28,191.92588329166665
2018-10-29,193.4483008333333
2018-10-30,181.7072261666667
2018-10-31,187.70570708333327
2018-11-01,164.83164875
2018-11-02,163.55333229166666
2018-11-03,153.236655375
2018-11-04,156.934241
2018-11-05,177.69747691666666
2018-11-06,189.56448479166667
2018-11-07,183.259180625
2018-11-08,182.7896839166667
2018-11-09,162.22188787500002
2018-11-10,147.53488283333334
2018-11-11,119.033222
2018-11-12,166.59340133333333
2018-11-13,172.4929477916667
2018-11-14,185.52592716666663
2018-11-15,169.843131375
2018-11-16,160.90852766666669
2018-11-17,136.925745
2018-11-18,152.99726366666667
2018-11-19,166.141903625
2018-11-20,156.907118875
2018-11-21,149.08307858333333
2018-11-22,146.39436879166666
2018-11-23,158.40627925
2018-11-24,148.53600233333333
2018-11-25,117.83494508333332
2018-11-26,156.74112654166666
2018-11-27,155.65769929166666
2018-11-28,146.32675237499998
2018-11-29,131.93293958333334
2018-11-30,130.93693504166666
2018-12-01,146.63649429166665
2018-12-02,107.189281625
2018-12-03,131.05243325
2018-12-04,130.22452666666666
2018-12-05,122.842141125
2018-12-06,143.2867975
2018-12-07,159.336034875
2018-12-08,71.553205875
2018-12-09,55.98948454166666
2018-12-10,74.44226641666667
2018-12-11,128.36039175
2018-12-12,134.09621183333334
2018-12-13,128.69589558333334
2018-12-14,129.76986670833332
2018-12-15,109.854433
2018-12-16,122.18609466666666
2018-12-17,134.51775633333332
2018-12-18,153.167655625
2018-12-19,156.09931229166668
2018-12-20,135.55829558333332
2018-12-21,138.63029683333335
2018-12-22,115.39031916666666
2018-12-23,99.49507879166669
2018-12-24,123.86706541666666
2018-12-25,90.29308083333336
2018-12-26,133.49578066666666
2018-12-27,136.26280595833333
2018-12-28,139.56780137500002
2018-12-29,118.08904520833332
2018-12-30,96.47523375
2018-12-31,109.91992695833332
2019-01-01,81.7005745
2019-01-02,134.00295929166666
2019-01-03,141.83517779166667
2019-01-04,140.49497245833334
2019-01-05,107.02167029166668
2019-01-06,91.59962954166669
2019-01-07,122.02390145833334
2019-01-08,116.88185383333332
2019-01-09,123.48512208333334
2019-01-10,146.74168816666668
2019-01-11,145.60225870833332
2019-01-12,124.165462
2019-01-13,114.254040125
2019-01-14,140.639403
2019-01-15,132.988500375
2019-01-16,132.67809870833335
2019-01-17,122.72488708333331
2019-01-18,135.57097041666665
2019-01-19,95.15586608333332
2019-01-20,73.28673491666667
2019-01-21,112.03169958333332
2019-01-22,112.64552525
2019-01-23,118.58353483333332
2019-01-24,114.775284
2019-01-25,107.03211
2019-01-26,99.843105875
2019-01-27,87.561276125
2019-01-28,119.99188625
2019-01-29,124.374974125
2019-01-30,117.88308908333332
2019-01-31,119.07539129166668
2019-02-01,118.49800345833334
2019-02-02,93.32145875
2019-02-03,84.09224120833333
2019-02-04,117.737825125
2019-02-05,120.21295579166669
2019-02-06,118.31945470833334
2019-02-07,117.798865375
2019-02-08,115.49054745833332
2019-02-09,94.62762229166668
2019-02-10,84.77462695833334
2019-02-11,118.30680295833334
2019-02-12,126.20927529166666
2019-02-13,108.51292304166668
2019-02-14,122.767786875
2019-02-15,117.59184933333334
2019-02-16,82.10705504166667
2019-02-17,77.80343129166667
2019-02-18,107.78189845833332
2019-02-19,118.019073375
2019-02-20,106.80245925
2019-02-21,103.81699145833332
2019-02-22,107.27634354166668
2019-02-23,94.44476195833332
2019-02-24,86.08884625
2019-02-25,112.68474966666666
2019-02-26,119.11548333333332
2019-02-27,123.37766229166668
2019-02-28,119.7406095
2019-03-01,120.133304875
2019-03-02,103.41098279166664
2019-03-03,95.53110095833334
2019-03-04,125.30132458333333
2019-03-05,149.727963375
2019-03-06,136.23650908333337
2019-03-07,134.67128691666667
2019-03-08,137.11940333333334
2019-03-09,121.51681633333334
2019-03-10,99.81703908333331
2019-03-11,137.60550545833334
2019-03-12,146.26773925
2019-03-13,147.38816091666666
2019-03-14,145.33693145833334
2019-03-15,138.616935375
2019-03-16,140.2220406666667
2019-03-17,125.58082304166668
2019-03-18,155.2983985
2019-03-19,158.352908375
2019-03-20,168.11024633333332
2019-03-21,165.275173125
2019-03-22,166.38561925
2019-03-23,136.022325375
2019-03-24,130.02494366666667
2019-03-25,154.04787029166667
2019-03-26,155.24249058333334
2019-03-27,153.3798035
2019-03-28,145.005992
2019-03-29,150.189075375
2019-03-30,141.71469916666666
2019-03-31,127.05069191666666
2019-04-01,149.128936125
2019-04-02,152.11714779166667
2019-04-03,151.88582095833334
2019-04-04,139.433533875
2019-04-05,142.55327966666667
2019-04-06,130.91749470833335
2019-04-07,79.2375785
2019-04-08,136.02868179166668
2019-04-09,134.19253333333333
2019-04-10,139.721457875
2019-04-11,143.18590941666665
2019-04-12,137.58415058333333
2019-04-13,138.2504565
2019-04-14,126.71685683333334
2019-04-15,141.11714387499998
2019-04-16,138.1158035
2019-04-17,139.29212691666666
2019-04-18,143.38798145833334
2019-04-19,116.08752245833334
2019-04-20,122.48243641666666
2019-04-21,125.16330908333332
2019-04-22,149.45724970833334
2019-04-23,158.22167533333334
2019-04-24,167.909461625
2019-04-25,161.24411754166667
2019-04-26,152.92794420833334
2019-04-27,127.58033775
2019-04-28,118.03033979166666
2019-04-29,140.77228683333334
2019-04-30,137.98854658333332
2019-05-01,112.45241225
2019-05-02,152.37979716666666
2019-05-03,164.50490020833334
2019-05-04,150.80747258333335
2019-05-05,134.51159516666667
2019-05-06,171.0923615416667
2019-05-07,166.57728429166667
2019-05-08,171.497029375
2019-05-09,174.18048675
2019-05-10,170.32831833333333
2019-05-11,150.86709458333334
2019-05-12,139.32210654166667
2019-05-13,172.74037829166664
2019-05-14,167.03264670833332
2019-05-15,164.53419625
2019-05-16,181.33533475
2019-05-17,176.85819775000002
2019-05-18,147.970387625
2019-05-19,150.38048804166667
2019-05-20,181.30223179166669
2019-05-21,166.28849591666668
2019-05-22,187.43773975
2019-05-23,185.90114225
2019-05-24,186.51917429166667
2019-05-25,170.45817545833333
2019-05-26,171.01184683333335
2019-05-27,195.91576120833332
2019-05-28,205.98477850000003
2019-05-29,202.22033008333332
2019-05-30,201.9111805
2019-05-31,210.23297675
2019-06-01,200.44495945833333
2019-06-02,179.6151005
2019-06-03,208.520287
2019-06-04,205.538353375
2019-06-05,205.407573375
2019-06-06,201.99170266666667
2019-06-07,203.62597208333327
2019-06-08,190.691791875
2019-06-09,173.098106
2019-06-10,208.787891625
2019-06-11,205.36051179166668
2019-06-12,220.7895330833333
2019-06-13,233.42723575
2019-06-14,226.45066129166665
2019-06-15,193.7991880833333
2019-06-16,168.63404945833335
2019-06-17,231.768265
2019-06-18,232.512926625
2019-06-19,221.59231604166663
2019-06-20,201.89933716666667
2019-06-21,206.2714245
2019-06-22,180.12715395833334
2019-06-23,189.55708175
2019-06-24,231.78640404166663
2019-06-25,232.03201075
2019-06-26,233.740007125
2019-06-27,235.05067575
2019-06-28,232.66243491666668
2019-06-29,197.03362454166663
2019-06-30,193.032667625
2019-07-01,220.42202104166668
2019-07-02,218.968441375
2019-07-03,214.383664875
2019-07-04,214.48472904166667
2019-07-05,218.16789275
2019-07-06,177.98812254166668
2019-07-07,180.0489345
2019-07-08,220.3515728333333
2019-07-09,207.263067625
2019-07-10,219.39958329166663
2019-07-11,221.518986625
2019-07-12,213.23427395833332
2019-07-13,191.665257625
2019-07-14,179.52097733333335
2019-07-15,200.909225375
2019-07-16,181.8982108333333
2019-07-17,212.46488675
2019-07-18,208.7267877083333
2019-07-19,209.32012816666668
2019-07-20,189.882663625
2019-07-21,109.34522987500002
2019-07-22,221.7654695
2019-07-23,229.8922328333333
2019-07-24,228.28822091666663
2019-07-25,225.0492547083333
2019-07-26,224.96121295833333
2019-07-27,200.53001558333332
2019-07-28,186.4530245
2019-07-29,202.07690666666667
2019-07-30,192.16634983333333
2019-07-31,197.156462375
2019-08-01,216.634828875
2019-08-02,225.060525375
2019-08-03,194.47354720833331
2019-08-04,170.69527554166666
2019-08-05,203.3421483333333
2019-08-06,222.1673434583333
2019-08-07,221.24638491666667
2019-08-08,225.87403970833336
2019-08-09,227.56337033333327
2019-08-10,204.65667025
2019-08-11,182.200539375
2019-08-12,227.63034525
2019-08-13,221.97133241666663
2019-08-14,205.030026125
2019-08-15,180.9701973333333
2019-08-16,207.67605354166668
2019-08-17,190.9109791666667
2019-08-18,188.06174275
2019-08-19,220.875621125
2019-08-20,196.39072633333333
2019-08-21,201.07308925
2019-08-22,198.60267470833327
2019-08-23,182.0695825
2019-08-24,168.41053200000002
2019-08-25,158.47527225000002
2019-08-26,181.10130025
2019-08-27,203.39898054166667
2019-08-28,195.5695578333333
2019-08-29,195.125470375
2019-08-30,194.005385
2019-08-31,175.998365875
2019-09-01,88.27712170833333
2019-09-02,192.2774205833333
2019-09-03,198.3656664583333
2019-09-04,189.45846216666664
2019-09-05,205.05342741666664
2019-09-06,205.6826644583333
2019-09-07,175.2580462916667
2019-09-08,160.5870894347826
2019-09-09,209.91103841666663
2019-09-10,171.98935633333335
2019-09-11,195.977254
2019-09-12,187.66494279166668
2019-09-13,187.11112279166665
2019-09-14,176.72753154166665
2019-09-15,161.19124541666667
2019-09-16,186.68540083333332
2019-09-17,178.42352529166666
2019-09-18,134.79434054166668
2019-09-19,130.28552991666666
2019-09-20,134.85978937500002
2019-09-21,136.63643720833332
2019-09-22,139.68862770833334
2019-09-23,168.82690266666663
2019-09-24,173.40368766666666
2019-09-25,173.63266604166665
2019-09-26,167.24684445833336
2019-09-27,166.78324816666665
2019-09-28,147.69253570833334
2019-09-29,137.37306283333334
2019-09-30,167.77094491666665
2019-10-01,192.83389229166667
2019-10-02,184.444913375
2019-10-03,186.84671079166665
2019-10-04,185.611554625
2019-10-05,160.3844987916667
2019-10-06,146.01987808333334
2019-10-07,163.48999716666663
2019-10-08,176.37544116666666
2019-10-09,176.190853125
2019-10-10,174.01662441666667
2019-10-11,165.8979945
2019-10-12,148.74845208333332
2019-10-13,141.17272683333331
2019-10-14,172.0695445
2019-10-15,171.10056545833334
2019-10-16,176.87032154166664
2019-10-17,170.74551916666667
2019-10-18,171.00501866666664
2019-10-19,155.28978583333333
2019-10-20,136.12189033333334
2019-10-21,142.78694795833334
2019-10-22,148.951192
2019-10-23,144.39305708333333
2019-10-24,147.129965
2019-10-25,146.23258995833334
2019-10-26,135.23115754166665
2019-10-27,139.40758416666668
2019-10-28,165.100963875
2019-10-29,164.84744358333333
2019-10-30,164.84905470833334
2019-10-31,138.44239425
2019-11-01,127.53067879166667
2019-11-02,134.8032795
2019-11-03,156.231139875
2019-11-04,156.35945704166667
2019-11-05,164.42738895833335
2019-11-06,166.98074658333334
2019-11-07,171.99123133333333
2019-11-08,160.78633204166667
2019-11-09,152.58249020833333
2019-11-10,130.132086625
2019-11-11,143.51237054166666
2019-11-12,135.16151275
2019-11-13,141.026426125
2019-11-14,132.1303918333333
2019-11-15,150.65503141666667
2019-11-16,123.78819704166666
2019-11-17,104.93373520833336
2019-11-18,134.41486166666667
2019-11-19,129.14008533333333
2019-11-20,128.12926791666666
2019-11-21,127.75418920833332
2019-11-22,136.18207625
2019-11-23,102.710041875
2019-11-24,87.516253
2019-11-25,138.51255616666666
2019-11-26,145.05678383333333
2019-11-27,150.76772295833334
2019-11-28,158.03704962499998
2019-11-29,149.29665541666665
2019-11-30,133.2332665416667
2019-12-01,125.21021191666668
2019-12-02,137.940206125
2019-12-03,147.196487125
2019-12-04,148.76261725
2019-12-05,159.38808075
2019-12-06,141.46236304166666
2019-12-07,121.45866354166668
2019-12-08,117.27639995833331
2019-12-09,123.80422420833332
2019-12-10,128.59636245833337
2019-12-11,124.60314658333331
2019-12-12,136.7367844166667
2019-12-13,136.647416625
2019-12-14,116.56834416666668
2019-12-15,112.00218366666668
2019-12-16,152.97320604166666
2019-12-17,162.713370375
2019-12-18,155.54361679166666
2019-12-19,141.78451816666666
2019-12-20,160.72223758333334
2019-12-21,150.60010404166667
2019-12-22,134.637741875
2019-12-23,162.896028375
2019-12-24,142.346862375
2019-12-25,105.55979804166668
2019-12-26,142.6879795
2019-12-27,134.755806
2019-12-28,110.22750841666668
2019-12-29,96.16734991666664
2019-12-30,129.02366841666665
2019-12-31,125.5848905
2020-01-01,85.10854641666667
2020-01-02,119.49659029166668
2020-01-03,124.82485354166666
2020-01-04,109.143149125
2020-01-05,87.48328704166666
2020-01-06,130.60216266666666
2020-01-07,125.13565245833333
2020-01-08,138.6537390833333
2020-01-09,163.95844491666665
2020-01-10,166.343743
2020-01-11,135.24946616666668
2020-01-12,131.681762875
2020-01-13,135.227583625
2020-01-14,131.20920858333332
2020-01-15,143.96018883333332
2020-01-16,135.0536525
2020-01-17,131.65879625
2020-01-18,101.78844
2020-01-19,93.30155716666668
2020-01-20,113.18881970833333
2020-01-21,123.14068875
2020-01-22,120.54890266666666
2020-01-23,118.09810995833334
2020-01-24,117.26213508333336
2020-01-25,107.549713875
2020-01-26,96.58355358333334
2020-01-27,134.26981945833333
2020-01-28,126.96090216666666
2020-01-29,125.03171629166668
2020-01-30,155.55859245833332
2020-01-31,136.21444883333334
2020-02-01,117.57110291666667
2020-02-02,103.70715395833334
2020-02-03,112.801715125
2020-02-04,106.96356458333332
2020-02-05,109.94722516666668
2020-02-06,115.9036345
2020-02-07,127.409279
2020-02-08,109.80387745833332
2020-02-09,100.68081054166667
2020-02-10,122.237797375
2020-02-11,128.261449875
2020-02-12,124.99198770833334
2020-02-13,126.49014479166668
2020-02-14,124.39651641666669
2020-02-15,108.02057158333334
2020-02-16,98.319981125
2020-02-17,104.55340616666666
2020-02-18,134.255027
2020-02-19,147.48401475
2020-02-20,139.77438316666667
2020-02-21,128.28521320833332
2020-02-22,111.2618165
2020-02-23,105.193950125
2020-02-24,133.58650508333332
2020-02-25,149.15362854166668
2020-02-26,146.46663658333333
2020-02-27,145.77002183333337
2020-02-28,150.23772329166667
2020-02-29,115.71651616666666
2020-03-01,107.8132585
2020-03-02,128.52415575
2020-03-03,139.84150654166666
2020-03-04,139.52968670833334
2020-03-05,139.746941375
2020-03-06,130.42565429166666
2020-03-07,105.751739875
2020-03-08,96.41982245833331
2020-03-09,134.64075829166669
2020-03-10,148.20009174999998
2020-03-11,145.53484125
2020-03-12,150.41564558333332
2020-03-13,141.37707091666667
2020-03-14,123.96117095833334
2020-03-15,114.276342625
2020-03-16,134.23797433333334
2020-03-17,142.44968945833332
2020-03-18,153.29183941666668
2020-03-19,157.3592685416667
2020-03-20,151.38737933333334
2020-03-21,134.73227320833334
2020-03-22,133.69685179166666
2020-03-23,152.5586777083333
2020-03-24,153.69234450000002
2020-03-25,152.37483625000002
2020-03-26,153.40575983333335
2020-03-27,138.5360225
2020-03-28,119.91624370833334
2020-03-29,97.40784675
2020-03-30,135.20499974999998
2020-03-31,139.05819416666665
2020-04-01,147.96778808333332
2020-04-02,145.09222937500002
2020-04-03,134.38312404166666
2020-04-04,131.86340929166667
2020-04-05,130.46361908333333
2020-04-06,149.93083004166667
2020-04-07,148.90444779166666
2020-04-08,138.54654879166665
2020-04-09,134.43595220833333
2020-04-10,123.8195415
2020-04-11,135.10924395833334
2020-04-12,135.5790727083333
2020-04-13,143.888692
2020-04-14,145.13354820833334
2020-04-15,146.69563050000002
2020-04-16,144.40104041666666
2020-04-17,143.02595920833332
2020-04-18,133.05961845833335
2020-04-19,127.07888129166668
2020-04-20,147.39216883333333
2020-04-21,148.25898891666665
2020-04-22,147.50345979166667
2020-04-23,145.63256683333333
2020-04-24,151.77106516666666
2020-04-25,142.20672316666665
2020-04-26,143.98502291666668
2020-04-27,151.96716991666668
2020-04-28,153.44120329166665
2020-04-29,151.592726
2020-04-30,156.68249445833334
2020-05-01,146.311562625
2020-05-02,144.2470557083333
2020-05-03,144.74080179166666
2020-05-04,157.88115995833334
2020-05-05,155.16621999999998
2020-05-06,156.23609070833334
2020-05-07,162.85854354166668
2020-05-08,153.39736795833332
2020-05-09,138.634287375
2020-05-10,138.8760382083333
2020-05-11,157.306067375
2020-05-12,169.10063079166667
2020-05-13,155.00299475
2020-05-14,162.73380866666668
2020-05-15,163.871361625
2020-05-16,159.286083375
2020-05-17,141.9240985
2020-05-18,155.58693729166666
2020-05-19,171.68549691666666
2020-05-20,176.264780625
2020-05-21,165.52882020833334
2020-05-22,171.0876067083333
2020-05-23,162.678639125
2020-05-24,148.8607912916667
2020-05-25,153.048218125
2020-05-26,155.612089375
2020-05-27,174.533567375
2020-05-28,179.5214274583333
2020-05-29,182.46444058333336
2020-05-30,160.77951870833334
2020-05-31,142.06840645833333
2020-06-01,116.163118
2020-06-02,129.00254391666667
2020-06-03,141.06958004166668
2020-06-04,136.03363375
2020-06-05,128.9293212083333
2020-06-06,122.05072045833332
2020-06-07,124.00210316666666
2020-06-08,139.02366608333332
2020-06-09,128.854568375
2020-06-10,134.17865683333335
2020-06-11,188.04874204166663
2020-06-12,189.317319125
2020-06-13,175.61688966666668
2020-06-14,159.27990466666668
2020-06-15,184.0176687916667
2020-06-16,192.29028175
2020-06-17,200.24644941666668
2020-06-18,211.86237525
2020-06-19,202.85659541666664
2020-06-20,198.830036125
2020-06-21,179.21047520833335
2020-06-22,211.0620905
2020-06-23,212.994781125
2020-06-24,221.6040133333333
2020-06-25,222.517516625
2020-06-26,210.68698391666663
2020-06-27,195.0281342083333
2020-06-28,106.133427625
2020-06-29,197.1152555
2020-06-30,216.126076375
2020-07-01,211.7767164583333
2020-07-02,184.9076535416667
2020-07-03,191.14952729166663
2020-07-04,201.55717725
2020-07-05,150.14734695833334
2020-07-06,205.84320975
2020-07-07,205.77875191666664
2020-07-08,201.1563495
2020-07-09,193.16772066666667
2020-07-10,202.06599829166663
2020-07-11,170.01685191666667
2020-07-12,146.17889754166666
2020-07-13,183.183442625
2020-07-14,196.250656
2020-07-15,194.46147525
2020-07-16,199.24239841666667
2020-07-17,215.71563354166665
2020-07-18,205.76274658333327
2020-07-19,211.0033024583333
2020-07-20,206.7024952083333
2020-07-21,233.66590183333332
2020-07-22,220.071403125
2020-07-23,230.066769125
2020-07-24,218.5879641666667
2020-07-25,219.430357
2020-07-26,208.08751525
2020-07-27,227.3992194583333
2020-07-28,215.85199804166663
2020-07-29,140.04163675
2020-07-30,140.9340635
2020-07-31,133.13093279166665
2020-08-01,128.21156954166668
2020-08-02,159.73163733333334
2020-08-03,187.72037566666663
2020-08-04,186.86565391666667
2020-08-05,124.82219979166668
2020-08-06,120.377828125
2020-08-07,120.42451354166668
2020-08-08,111.79039225
2020-08-09,107.22775979166666
2020-08-10,127.80723525
2020-08-11,138.335451125
2020-08-12,145.352478375
2020-08-13,199.68422775
2020-08-14,222.50865525
2020-08-15,201.74954
2020-08-16,191.237228875
2020-08-17,210.971024125
2020-08-18,224.18027225
2020-08-19,212.36817908333333
2020-08-20,206.27253879166668
2020-08-21,197.777937125
2020-08-22,161.82045383333335
2020-08-23,160.81057345833332
2020-08-24,192.5889502916667
2020-08-25,211.17955770833336
2020-08-26,210.74337795833333
2020-08-27,211.52405529166663
2020-08-28,224.6389343333333
2020-08-29,192.30030879166668
2020-08-30,179.63786558333334
2020-08-31,201.470301
2020-09-01,217.491657125
2020-09-02,202.083877375
2020-09-03,201.88400983333332
2020-09-04,202.8539020833333
2020-09-05,175.207943125
2020-09-06,180.42063050000002
2020-09-07,185.633317875
2020-09-08,208.569044375
2020-09-09,137.07393316666665
2020-09-10,136.758149
2020-09-11,128.29438745833332
2020-09-12,112.92045575000002
2020-09-13,107.65087408333332
2020-09-14,127.02891379166668
2020-09-15,127.88276608333332
2020-09-16,174.5587564583333
2020-09-17,169.21404172727273
2020-09-18,125.9464605
2020-09-19,118.956570625
2020-09-20,122.31712383333333
2020-09-21,141.33582850000002
2020-09-22,148.53228833333333
2020-09-23,152.503706875
2020-09-24,155.833905125
2020-09-25,156.41792170833332
2020-09-26,124.63288041666664
2020-09-27,119.760285125
2020-09-28,150.23274591666666
2020-09-29,165.10508179166666
2020-09-30,161.47225262499998
2020-10-01,160.54405508333335
2020-10-02,164.751661875
2020-10-03,116.59532466666668
2020-10-04,130.90596866666667
2020-10-05,165.454573625
2020-10-06,166.61691675
2020-10-07,167.68861608333333
2020-10-08,159.779170625
2020-10-09,157.28817904166667
2020-10-10,139.75121283333334
2020-10-11,138.606434625
2020-10-12,133.60528983333333
2020-10-13,152.608134875
2020-10-14,145.09477579166665
2020-10-15,138.6002852916667
2020-10-16,122.429367125
2020-10-17,112.96048175
2020-10-18,101.08922879166666
2020-10-19,137.57194941666668
2020-10-20,166.95941758333333
2020-10-21,141.354933375
2020-10-22,152.14132704166667
2020-10-23,154.93027929166666
2020-10-24,127.89004720833331
2020-10-25,110.627945875
2020-10-26,143.56873779166668
2020-10-27,147.6316965
2020-10-28,147.79197145833334
2020-10-29,153.25985891666667
2020-10-30,151.15255695833335
2020-10-31,125.38096883333333
2020-11-01,122.03782658333334
2020-11-02,135.186468875
2020-11-03,140.19255379166665
2020-11-04,137.40197683333335
2020-11-05,136.83011433333334
2020-11-06,141.796419125
2020-11-07,126.33103883333332
2020-11-08,102.73219825
2020-11-09,130.41512479166667
2020-11-10,140.886201
2020-11-11,132.76783970833333
2020-11-12,135.75542854166667
2020-11-13,126.50037966666666
2020-11-14,110.80807820833331
2020-11-15,103.199605375
2020-11-16,133.514679625
2020-11-17,133.68400245833334
2020-11-18,133.87548108333334
2020-11-19,132.14997341666665
2020-11-20,133.13952445833334
2020-11-21,111.95173391666668
2020-11-22,99.169538125
2020-11-23,135.19327712499998
2020-11-24,117.47813720833334
2020-11-25,140.82542729166667
2020-11-26,148.078750375
2020-11-27,153.80917925
2020-11-28,117.07675825
2020-11-29,105.5470685
2020-11-30,145.118499875
2020-12-01,140.64199275
2020-12-02,130.3597044166667
2020-12-03,133.35636275
2020-12-04,132.01585420833334
2020-12-05,115.11979745833334
2020-12-06,99.26024441666668
2020-12-07,113.26449929166668
2020-12-08,91.194119625
2020-12-09,122.83764345833332
2020-12-10,121.59346395833334
2020-12-11,120.93135795833332
2020-12-12,100.604124
2020-12-13,96.12798275
2020-12-14,126.67539179166666
2020-12-15,146.05509337499998
2020-12-16,133.68883858333334
2020-12-17,130.87297875
2020-12-18,112.758952375
2020-12-19,98.04026058333334
2020-12-20,101.91884483333337
2020-12-21,143.572419375
2020-12-22,147.44363954166667
2020-12-23,138.469016625
2020-12-24,128.87037783333332
2020-12-25,93.43589829166666
2020-12-26,101.40097158333332
2020-12-27,95.29275191666666
2020-12-28,126.35468670833336
2020-12-29,120.535257125
2020-12-30,127.02206445833332
2020-12-31,119.0357525
2021-01-01,86.06239670833334
2021-01-02,93.34704854166668
2021-01-03,102.47393395833336
2021-01-04,132.71365179166668
2021-01-05,122.11824575
2021-01-06,128.38376220833334
2021-01-07,132.14677204166665
2021-01-08,130.51671025
2021-01-09,119.27721620833334
2021-01-10,106.81072225
2021-01-11,137.72545333333332
2021-01-12,145.60268383333332
2021-01-13,155.20295729166665
2021-01-14,122.02573479166666
2021-01-15,120.96029545833332
2021-01-16,113.34001379166666
2021-01-17,112.10110991666666
2021-01-18,147.04352870833335
2021-01-19,139.42171470833333
2021-01-20,130.286072
2021-01-21,131.94551054166666
2021-01-22,124.1128235
2021-01-23,87.92709370833335
2021-01-24,82.89843758333333
2021-01-25,127.51419954166666
2021-01-26,120.80701629166668
2021-01-27,114.79926241666668
2021-01-28,128.81707025
2021-01-29,128.36661508333333
2021-01-30,96.92750925
2021-01-31,112.51554158333332
2021-02-01,127.59832408333334
2021-02-02,125.04941404166668
2021-02-03,135.92617195833333
2021-02-04,115.88266383333332
2021-02-05,98.7568275
2021-02-06,83.58406675
2021-02-07,76.29996316666667
2021-02-08,90.71396283333333
2021-02-09,107.60602495833332
2021-02-10,117.84142470833336
2021-02-11,110.64967495833334
2021-02-12,105.54694729166664
2021-02-13,93.87797966666666
2021-02-14,92.93342904166668
2021-02-15,112.74948158333332
2021-02-16,137.28069029166667
2021-02-17,131.19360945833333
2021-02-18,86.45722904166666
2021-02-19,140.72968566666663
2021-02-20,124.57153308333334
2021-02-21,122.566262875
2021-02-22,146.15936758333334
2021-02-23,154.68285433333332
2021-02-24,144.23989891666668
2021-02-25,142.58594266666668
2021-02-26,133.59467266666667
2021-02-27,119.14954916666666
2021-02-28,116.95675016666668
2021-03-01,134.915634875
2021-03-02,131.08761074999998
2021-03-03,137.06328095833334
2021-03-04,134.67656704166666
2021-03-05,132.08801329166667
2021-03-06,106.760174875
2021-03-07,108.96405866666667
2021-03-08,150.998979375
2021-03-09,135.88959004166668
2021-03-10,134.41891083333334
2021-03-11,141.68906620833334
2021-03-12,142.15890233333332
2021-03-13,114.01942579166666
2021-03-14,106.50862708333334
2021-03-15,131.37266108333333
2021-03-16,96.82612904166666
2021-03-17,149.73287945833331
2021-03-18,164.42772845833335
2021-03-19,154.56830216666663
2021-03-20,135.10468216666666
2021-03-21,139.4455925
2021-03-22,157.90068345833333
2021-03-23,162.74091079166666
2021-03-24,161.5955207142857
2021-03-25,166.07818283333333
2021-03-26,155.72141766666667
2021-03-27,132.9649325
2021-03-28,100.3173694
2021-03-29,116.38315233333331
2021-03-30,157.483771
2021-03-31,145.83642258333333
2021-04-01,135.13159616666667
2021-04-02,143.18748854166668
2021-04-03,155.896270375
2021-04-04,143.61507516666666
2021-04-05,162.94836466666666
2021-04-06,158.75102158333334
2021-04-07,159.52665612500002
2021-04-08,157.75218733333332
2021-04-09,158.47452766666666
2021-04-10,157.261162875
2021-04-11,150.78163266666667
2021-04-12,166.13799829166666
2021-04-13,164.05923133333334
2021-04-14,157.62833954166666
2021-04-15,158.43666158333335
2021-04-16,159.81659333333334
2021-04-17,146.84845958333332
2021-04-18,136.55656629166666
2021-04-19,150.5304765
2021-04-20,157.28791579166668
2021-04-21,153.09286208333333
2021-04-22,155.31241075
2021-04-23,163.74594608333334
2021-04-24,149.72357254166667
2021-04-25,144.15612058333332
2021-04-26,154.155090625
2021-04-27,153.25071695238097
2021-04-28,166.7618955
2021-04-29,159.195526375
2021-04-30,161.95757666666665
2021-05-01,152.6376675
2021-05-02,154.18198995833333
2021-05-03,178.81402479166664
2021-05-04,192.93772941666668
2021-05-05,200.44649566666664
2021-05-06,140.62207781818182
2021-05-07,143.14043349999994
2021-05-08,163.83875166666667
2021-05-09,148.95538520833333
2021-05-10,168.041830375
2021-05-11,177.57067745833334
2021-05-12,180.17031575
2021-05-13,183.64587454166667
2021-05-14,162.43532704166668
2021-05-15,143.085522875
2021-05-16,143.16583608333335
2021-05-17,166.85844345833334
2021-05-18,196.769942875
2021-05-19,192.6635975416667
2021-05-20,195.0013855
2021-05-21,175.526896125
2021-05-22,174.30451416666665
2021-05-23,156.02123795833333
2021-05-24,173.89689508333333
2021-05-25,173.95675420833334
2021-05-26,167.840313125
2021-05-27,165.74317879166668
2021-05-28,165.68531258333334
2021-05-29,160.16614270833335
2021-05-30,146.16794633333333
2021-05-31,162.42823470833335
2021-06-01,186.93020008333332
2021-06-02,178.11739287499998
2021-06-03,184.63158716666663
2021-06-04,192.172748625
2021-06-05,169.21410554166667
2021-06-06,160.62346420833333
2021-06-07,177.94656583333335
2021-06-08,171.155422125
2021-06-09,189.675958
2021-06-10,186.96909370833336
2021-06-11,175.35329579166668
2021-06-12,156.46312433333333
2021-06-13,150.46384633333335
2021-06-14,178.59773883333332
2021-06-15,192.92581291666667
2021-06-16,178.60189020833332
2021-06-17,182.58129666666665
2021-06-18,177.540233125
2021-06-19,175.81826625
2021-06-20,175.56046579166664
2021-06-21,182.09009066666667
2021-06-22,199.66582141666663
2021-06-23,225.3675949583333
2021-06-24,231.85309345833332
2021-06-25,226.8748848333333
2021-06-26,202.541533125
2021-06-27,198.99282158333332
2021-06-28,196.8303674166667
2021-06-29,203.65571791666665
2021-06-30,214.70937933333332
2021-07-01,211.68827091666665
2021-07-02,201.5624099583333
2021-07-03,187.1871925833333
2021-07-04,148.58065458333334
2021-07-05,192.81897579166665
2021-07-06,216.22674795833333
2021-07-07,208.2399807083333
2021-07-08,207.42275583333333
2021-07-09,210.61103520833333
2021-07-10,190.3064242083333
2021-07-11,180.80333170833333
2021-07-12,221.7514168333333
2021-07-13,220.15599562500003
2021-07-14,219.912043875
2021-07-15,200.3309739583333
2021-07-16,185.11941429166663
2021-07-17,182.95295908333333
2021-07-18,170.82421620833335
2021-07-19,192.6274684166667
2021-07-20,187.504420875
2021-07-21,178.63610754166666
2021-07-22,180.075093875
2021-07-23,182.74763829166668
2021-07-24,185.625732875
2021-07-25,164.74122195833334
2021-07-26,197.991300125
2021-07-27,198.4781954583333
2021-07-28,204.97043991666663
2021-07-29,196.42452216666663
2021-07-30,181.883765375
2021-07-31,172.87331316666666
2021-08-01,170.373086625
2021-08-02,185.647951375
2021-08-03,186.0161930833333
2021-08-04,185.933002625
2021-08-05,205.0349850833333
2021-08-06,185.01990358333333
2021-08-07,186.74475120833333
2021-08-08,168.0453277916667
2021-08-09,203.712692625
2021-08-10,208.455807375
2021-08-11,201.263546375
2021-08-12,212.2999005416667
2021-08-13,198.49862875
2021-08-14,171.2840193333333
2021-08-15,180.12751475000002
2021-08-16,216.28901879166668
2021-08-17,213.75933216666667
2021-08-18,201.42978825
2021-08-19,222.5485979166667
2021-08-20,229.7112217083333
2021-08-21,205.31508604166663
2021-08-22,186.89451654166663
2021-08-23,224.868392875
2021-08-24,225.15729954166667
2021-08-25,223.218930625
2021-08-26,212.34093191666668
2021-08-27,228.58537979166667
2021-08-28,192.53787520833336
2021-08-29,167.07739595833334
2021-08-30,195.0225595
2021-08-31,202.815263875
2021-09-01,214.1808909166667
2021-09-02,207.78019758333332
2021-09-03,215.44857604166668
2021-09-04,184.24736225
2021-09-05,165.72325839130434
2021-09-06,210.12811104166667
2021-09-07,215.7169680833333
2021-09-08,213.38707441666668
2021-09-09,206.71496045833337
2021-09-10,193.101647875
2021-09-11,186.399253
2021-09-12,177.69978720833333
2021-09-13,210.31977045833327
2021-09-14,210.635475625
2021-09-15,204.60936429166668
2021-09-16,178.3441345
2021-09-17,164.11472816666665
2021-09-18,151.1400994166667
2021-09-19,162.87258329166667
2021-09-20,196.8608380833333
2021-09-21,189.739112375
2021-09-22,190.114332125
2021-09-23,187.78822545833336
2021-09-24,183.55637029166667
2021-09-25,171.9216225
2021-09-26,163.93908241666665
2021-09-27,179.89101574999998
2021-09-28,164.77680708333335
2021-09-29,153.50842925
2021-09-30,186.3843520833333
2021-10-01,178.21641379166667
2021-10-02,160.92894479166668
2021-10-03,158.85229691666666
2021-10-04,179.989718625
2021-10-05,189.125348375
2021-10-06,178.5636845
2021-10-07,172.49803350000002
2021-10-08,174.13249354166666
2021-10-09,153.70712454166667
2021-10-10,134.09720670833337
2021-10-11,152.53918166666668
2021-10-12,178.8288149166667
2021-10-13,187.60210541666663
2021-10-14,201.990157625
2021-10-15,200.37111716666664
2021-10-16,128.44166325
2021-10-17,114.136894125
2021-10-18,194.66424995833333
2021-10-19,201.86819541666668
2021-10-20,193.5892103333333
2021-10-21,178.75298404166665
2021-10-22,172.71190520833332
2021-10-23,162.48709012499998
2021-10-24,139.29793458333333
2021-10-25,167.32895
2021-10-26,169.67220625000002
2021-10-27,163.79183391666666
2021-10-28,161.67267070833333
2021-10-29,152.29528050000002
2021-10-30,130.56424308333334
2021-10-31,100.42115720833334
2021-11-01,85.18001429166667
2021-11-02,131.29732020833333
2021-11-03,132.53835554166668
2021-11-04,138.63953120833332
2021-11-05,148.73365033333332
2021-11-06,138.00182895833333
2021-11-07,121.25870066666666
2021-11-08,157.34653716666665
2021-11-09,154.82947845833334
2021-11-10,144.41172108333333
2021-11-11,151.21774220833333
2021-11-12,148.11484858333333
2021-11-13,114.02303320833336
2021-11-14,112.3205595
2021-11-15,136.103213125
2021-11-16,142.4695
2021-11-17,142.223461375
2021-11-18,134.115279625
2021-11-19,125.318095125
2021-11-20,106.30888933333334
2021-11-21,95.1849735
2021-11-22,128.284148875
2021-11-23,134.28452354166666
2021-11-24,115.67859295833334
2021-11-25,138.421674625
2021-11-26,130.84485383333333
2021-11-27,104.65214233333334
2021-11-28,113.93575758333331
2021-11-29,139.29294254166666
2021-11-30,132.3709445
2021-12-01,135.83158875
2021-12-02,140.01938166666667
2021-12-03,149.232177375
2021-12-04,154.42499412499998
2021-12-05,138.43691820833334
2021-12-06,132.769932
2021-12-07,117.74945679166666
2021-12-08,105.04411441666667
2021-12-09,133.88182370833331
2021-12-10,126.44365345833334
2021-12-11,108.22021141666666
2021-12-12,105.07642545833332
2021-12-13,149.826738125
2021-12-14,158.63871183333333
2021-12-15,169.85748116666667
2021-12-16,169.28964566666667
2021-12-17,132.6881405
2021-12-18,133.26040479166667
2021-12-19,128.13279575
2021-12-20,153.30849908333332
2021-12-21,134.06572145833334
2021-12-22,146.76991354166668
2021-12-23,123.83554529166668
2021-12-24,124.31131204166668
2021-12-25,123.68181329166669
2021-12-26,132.63927125
2021-12-27,167.009988375
2021-12-28,168.70140425
2021-12-29,154.09528758333332
2021-12-30,129.9459349166667
2021-12-31,122.57904625
